ID,Prompt,StoryText,StoryStatus,Title,Description,Tags,MetadataPath,MetadataStatus,AudioPath,AudioStatus,SubtitlePath,SubtitleStatus,VideoStatus,VideoPath,YouTubeVideoID,YouTubeVideoUrl,UploadStatus,ImageURL,StoryPath
1,,,pending,,,,,pending,,pending,,pending,,,,,,,
2,,,pending,,,,,pending,,pending,,pending,,,,,,,
3,,,pending,,,,,pending,,pending,,pending,,,,,,,
4,,,pending,,,,,pending,,pending,,pending,,,,,,,
5,,,pending,,,,,pending,,pending,,pending,,,,,,,
6,,,pending,,,,,pending,,pending,,pending,,,,,,,
7,,,pending,,,,,pending,,pending,,pending,,,,,,,
8,,,pending,,,,,pending,,pending,,pending,,,,,,,
9,,,pending,,,,,pending,,pending,,pending,,,,,,,
10,,,pending,,,,,pending,,pending,,pending,,,,,,,
