ID,Prompt,StoryText,StoryStatus,Title,Description,Tags,MetadataPath,MetadataStatus,AudioPath,AudioStatus,SubtitlePath,SubtitleStatus,VideoStatus,VideoPath,YouTubeVideoID,YouTubeVideoUrl,UploadStatus,ImageURL,StoryPath,NewsUrl,ImageStatus,ImagePaths
1,"India-Pakistan ceasefire deadline ends today, DGMOs to hold talks on future course of action

India-Pakistan ceasefire: The directors general of military operations from India and Pakistan will talk again at 12 noon today after a conversation on May 10 at 3.35 pm, following which the ceasefire was agreed to.","Did you know? Today marks the end of the India-Pakistan ceasefire deadline. Following a conversation between their military leaders on May 10th, both nations agreed to a truce. Now, the directors general of military operations from India and Pakistan will meet again at noon today to discuss the future course of action. This development is significant as it could lead to sustained peace along the Line of Control and beyond. Stay informed, like, share, and subscribe for more updates on this story!",Completed,India-Pakistan Ceasefire Deadline Ends: Will They Reach Peace?,Find out what happens next in the India-Pakistan ceasefire as military leaders meet again today to discuss the future course of action. Could this mark a turning point for sustained peace along the Line of Control? Stay updated with us for more breaking news!,"india, pakistan, ceasefire, truce, military, leaders, line of control, peace, negotiations, Line Of Control, border dispute, south asia, current events, news update, political crisis, conflict resolution",stories/metadata\metadata_1_20250513_020812.txt,Completed,audio/narrations\story_1_20250513_020916.wav,completed,,,,,,,,https://resize.indiatvnews.com/en/resize/newbucket/1200_-/2025/05/india-pakistan-ceasefire-news-1747015821.jpg,stories/generated\story_1_20250513_020753.txt,https://www.indiatvnews.com/news/india/india-pakistan-ceasefire-deadline-ends-today-dgmos-to-hold-talks-on-future-course-of-action-2025-05-12-989891,,
2,"India deployed Navy carrier battle group, submarines with combat readiness after Pahalgam attack

Director General of Naval Operations, Vice Admiral A N Pramod, said that the naval forces were deployed in the northern Arabian sea in a 'dissuasive and deterrent' posture, with full readiness to strike select targets at sea, and on land, including Karachi, at a time of our choosing.","Did you know about India's recent move in response to the Pahalgam attack? The Indian Navy has deployed its carrier battle group and submarines, ready for combat operations. This strategic deployment is aimed at sending a clear message of dissuasion and deterrence in the northern Arabian Sea.
This means that India is making it clear to potential threats, especially Pakistan, that it's prepared for any eventuality. The naval forces are on high alert, capable of striking targets both at sea and on land, such as Karachi, whenever necessary.
So why does this matter? It shows the world that India takes its security seriously and is not afraid to act decisively when its sovereignty is threatened. Stay informed by liking, sharing, and subscribing for more updates!",Completed,,,,,Failed - Invalid format,audio/narrations\story_2_20250513_020947.wav,completed,,,,,,,,https://resize.indiatvnews.com/en/resize/newbucket/1200_-/2025/05/PTI05_11_2025_000257B.jpg,stories/generated\story_2_20250513_020755.txt,https://www.indiatvnews.com/news/india/india-deployed-navy-carrier-battle-group-submarines-with-combat-readiness-after-pahalgam-attack-2025-05-11-989872,,
3,"‚ÄòSham no Varunah‚Äô: What is the meaning of Sanskrit phrase invoked by DG of Naval Operations

During the press conference, Vice Admiral A.N. Pramod, the Director General of Naval Operations, invoked the Sanskrit phrase 'Sham no Varunah' at the end of his statement. Here's what it means.","Did you know that the Indian Navy's Director General of Naval Operations recently used a Sanskrit phrase during a press conference? The phrase is 'Sham no Varunah'. This ancient Sanskrit saying translates to 'Peace on the Oceans' and it's a powerful symbol of India's commitment to maintaining peace, stability, and maritime security. It's a reminder that our naval forces strive for harmony in the seas and oceans around the world. So, if you appreciate the significance of this phrase, make sure to like, share, and subscribe to our channel for more fascinating insights into our history and culture!",Completed,Indian Navy's Powerful Sanskrit Phrase: 'Sham no Varunah' - What Does It Mean?,"Discover the ancient Sanskrit phrase used by India's Director General of Naval Operations! 'Sham no Varunah' translates to 'Peace on the Oceans', symbolizing India's commitment to maintaining peace, stability, and maritime security. Subscribe now for more fascinating insights into Indian history and culture!","indian navy, sanskrit phrase, sham no varunah, peace, oceans, naval operations, india, history, culture, maritime security, press conference",stories/metadata\metadata_3_20250513_020817.txt,Completed,audio/narrations\story_3_20250513_021037.wav,completed,,,,,,,,https://resize.indiatvnews.com/en/resize/newbucket/1200_-/2025/05/vice-admiral-a-1746983811.jpg,stories/generated\story_3_20250513_020757.txt,https://www.indiatvnews.com/news/india/sham-no-varunah-what-is-the-meaning-of-sanskrit-phrase-invoked-by-dg-of-naval-operations-2025-05-11-989866,,
4,"Who is in charge in Pakistan, Prime Minister Shehbaz Sharif or army chief Asim Munir?

Though India and Pakistan agreed to a ceasefire on Saturday, the Pakistan Army, headed by General Asim Munir, quickly violated the agreement. Experts say the conflict provides a chance for Munir to take complete control of Pakistan if he hasn‚Äôt already, and that Prime Minister Shehbaz Sharif likely has little say when it comes to the policy with India","Did you know? The leadership structure in Pakistan is a complex balance between civilian and military powers. So, who's in charge - Prime Minister Shehbaz Sharif or army chief Asim Munir?
While the Prime Minister heads the civilian government, the army chief holds significant influence as the head of the Pakistani Army. After the ousting of Imran Khan, General Asim Munir was appointed to his role in November 2022.
Though Shehbaz Sharif is the official head of the government, recent events, such as the violation of the India-Pakistan ceasefire agreement, suggest that the army chief may wield substantial control over national security matters.
It's essential to understand this delicate power dynamic between our two nations, especially given its potential impact on regional stability.
So, let's keep the conversation going! Like, share, and subscribe for more insightful analysis of current events in South Asia. Stay tuned!",Completed,Pakistan: Who Really Holds Power? Civilian PM or Army Chief Asim Munir?,"Delve into the intricate power balance between Pakistan's civilian government and military leadership, featuring Prime Minister Shehbaz Sharif and army chief Asim Munir. Discover who holds the reins in this complex relationship and its implications on regional stability in South Asia. Click, like, share, and subscribe for more insightful analyses!","pakistan, shehbaz sharif, asim munir, army chief, power balance, civilian government, military powers, pakistani army, india-pakistan ceasefire, regional stability, south asia, current events, political analysis",stories/metadata\metadata_4_20250513_020820.txt,Completed,audio/narrations\story_4_20250513_021118.wav,completed,,,,,,,,"https://images.firstpost.com/uploads/2025/05/Firstpost-2025-05-09T201311.622-2025-05-e9daf29525fc33b79c929cd526940b72.jpg?im=FitAndFill=(1200,675)",stories/generated\story_4_20250513_020800.txt,https://www.firstpost.com/explainers/shehbaz-sharif-hails-peace-pak-army-sends-drones-to-attack-india-who-really-rules-pakistan-13887508.html,,
5,"Who are the DGMOs? Key players in India-Pakistan ceasefire decision

DGMOs are senior officials of Indian Army, usually of the rank of Lieutenant General, responsible for overseeing all military operations in India and along its borders.","Did you know that during times of tension between India and Pakistan, it's these unsung heroes - the DGMOs or Director Generals of Military Operations - who play a crucial role?
The DGMOs are the key players in the decision-making process for ceasefire. They work tirelessly behind the scenes to ensure peace along the border. Their primary duty is to maintain a state of readiness and coordinate military responses, but during times of conflict, they also negotiate and implement ceasefires.
So, next time you hear about a ceasefire decision between India and Pakistan, remember these men in uniform who work tirelessly to keep the peace. Like, share, and subscribe for more insights into our country's defense!",Completed,Unsung Heroes: The Role of DGMOs in India-Pakistan Tensions,"Discover how Director Generals of Military Operations (DGMOs) play a vital role during times of tension between India and Pakistan. These key players work behind the scenes to ensure peace along the border, coordinating military responses and negotiating ceasefires. Who are these men in uniform? Like, share, and subscribe for more insights!","india, pakistan, dgmo, director generals of military operations, defense, ceasefire, peacekeeping, tension, conflict, military response, border security, decision making, national security, geopolitics",stories/metadata\metadata_5_20250513_020822.txt,Completed,audio/narrations\story_5_20250513_021230.wav,completed,,,,,,,,https://www.livemint.com/lm-img/img/2025/05/10/1600x900/INDIA-PAKISTAN-KASHMIR-UNREST-46_1746886383753_1746886400421.jpg,stories/generated\story_5_20250513_020802.txt,https://www.livemint.com/news/india/who-are-the-dgmos-key-players-in-india-pakistan-ceasefire-decision-11746883126880.html,,
6,"PM Modi holds meeting with defence minister, EAM, NSA, CDS after India-Pakistan ceasefire

A meeting at the PM's residence took place Saturday, with Rajnath Singh, Jaishankar, Army Chief General Upendra Dwivedi, Chief of Defence Staff Gen Anil Chauhan among others in attendance.","Did you know that India and Pakistan recently agreed to a ceasefire along their disputed border? PM Modi has convened a critical meeting with Defense Minister Rajnath Singh, External Affairs Minister S. Jaishankar, Army Chief General Upendra Dwivedi, and the Chief of Defence Staff Gen Anil Chauhan at his residence to discuss this sensitive matter.
What does it mean? This gathering signals that India is strategizing its response to the ceasefire agreement with Pakistan. It's essential to understand the dynamics between these two nations as their relationship directly impacts regional security and global peace. So, stay tuned for more updates on this developing story! Remember to like, share, and subscribe for more insights on current events!",Completed,"""India-Pakistan Ceasefire: Key Leaders Meet - What's Next?""","""Join us as we delve into the latest development along the India-Pakistan border. PM Modi, Defense Minister Rajnath Singh, External Affairs Minister S. Jaishankar, Army Chief General Upendra Dwivedi, and Gen Anil Chauhan have convened a critical meeting at his residence. What does this high-level meeting signify? Stay tuned for updates on this evolving story. Who will take the next step in this delicate dance between two nations that greatly impact regional security and global peace? Like, share, and subscribe for more insights on current events!""","india, pakistan, ceasefire, border dispute, modi, rajnath singh, s. jaishankar, upendra dwivedi, anil chauhan, india-pakistan relations, regional security, global peace, current events, news updates",stories/metadata\metadata_6_20250513_020826.txt,Completed,audio/narrations\story_6_20250513_021329.wav,completed,,,,,,,,https://static.theprint.in/wp-content/uploads/2025/05/JK-5.jpg,stories/generated\story_6_20250513_020804.txt,https://theprint.in/india/pm-modi-holds-meeting-with-defence-minister-eam-nsa-cds-after-india-pakistan-ceasefire/2621744/,,
7,"U.S. Health Updates: Innovations, Controversies, and Milestones

This news brief highlights several health-related developments including the approval of the first at-home cervical cancer test by the US FDA, a controversial nomination for U.S. Surgeon General, and the deployment of AI across FDA centers. Other reports discuss drug pricing, legal settlements, and advancements in medical treatments.","Unraveling Health Headlines!
Welcome to this week's health updates! Did you know that the U.S. Food and Drug Administration recently approved the first at-home cervical cancer test? This means women can now screen for cervical cancer from the comfort of their homes. A major step towards convenience and accessibility!
But wait, there's more! The nomination of a new U.S. Surgeon General has sparked controversy due to their unconventional views on health policies. Keep an eye out for developments in this story!
And that's not all! Artificial Intelligence is now being deployed across FDA centers, revolutionizing the way we regulate and approve medical treatments.
We also delve into drug pricing debates, legal settlements, and advancements in medical treatments. These updates matter because they shape our healthcare landscape and impact you directly!
Remember to like, share, and subscribe for more Health Headlines explained! Stay informed, stay healthy!",Completed,At-Home Cervical Cancer Test: Revolutionizing Women's Health ü§î,Explore the FDA's approval of the first at-home cervical cancer test and the controversy surrounding the nomination of the new U.S. Surgeon General. Learn how AI is transforming healthcare and how it affects you! [#healthupdates #cervicalcancer #FDA #USSurgeonGeneral #artificialintelligence #healthcare #womenshealth #medicaltreatments],"fda, cervicalcancer, USSurgeonGeneral, artificialintelligence, healthcare, womenshealth, medicaltreatments, drugpricing, legalsettlements",stories/metadata\metadata_7_20250513_020829.txt,Completed,audio/narrations\story_7_20250513_021425.wav,completed,,,,,,,,https://www.devdiscourse.com/remote.axd?https://devdiscourse.blob.core.windows.net/aiimagegallery/31_05_2024_22_02_14_5468247.png?width=920&format=jpeg,stories/generated\story_7_20250513_020807.txt,https://www.devdiscourse.com/article/health/3377948-us-health-updates-innovations-controversies-and-milestones,,
8,"Terror ties in the ranks: Pakistan Army spokesperson has familial links to Al-Qaeda

Lt General Ahmed Sharif Chaudhary is the son of a nuclear scientist who had close affiliations with Osama Bin Laden's Al-Qaeda","Ô∏è Terror ties in the ranks! Pakistan Army Spokesperson, Lt. General Ahmed Sharif Chaudhary, has familial links to Al-Qaeda, shocking revelations that have stirred up global concerns. Did you know? His father was a nuclear scientist who had close ties with Osama Bin Laden! It's crucial to understand the potential implications of such connections in high-ranking military officials. Keep this conversation going! Like, share, and subscribe for more exclusive news and insights!",Completed,Shocking Ties: Pakistan Army Spokesperson Linked to Al-Qaeda!,"Unravel the shocking revelations as we delve into the familial links of Pakistan Army Spokesperson, Lt. General Ahmed Sharif Chaudhary, and his ties to Al-Qaeda. Could his father's close relationship with Osama Bin Laden pose a threat? Stay tuned for more exclusive news!","pakistan army, al-qaeda, osama bin laden, nuclear scientist, military connections, global concerns, shocking revelations, exclusive news, pakistani politics, terror ties, ahmed sharif chaudhary",stories/metadata\metadata_8_20250513_020831.txt,Completed,audio/narrations\story_8_20250513_021602.wav,completed,,,,,,,,https://www.theweek.in/content/dam/week/week/news/world/images/2025/5/10/ahmed sharif.jpg,stories/generated\story_8_20250513_020809.txt,https://www.theweek.in/news/world/2025/05/10/terror-ties-in-the-ranks-pakistan-army-spokesperson-has-familial-links-to-al-qaeda.html,,
