ID,Prompt,StoryText,StoryStatus,Title,Description,Tags,MetadataPath,MetadataStatus,AudioPath,AudioStatus
0,"Who Is Friedrich Merz, Germany‚Äôs New Chancellor?

Supporters of Mr. Merz, a former corporate lawyer, say he is well-prepared and thoughtful, but critics accuse him of failing to think more than one step ahead and breaking promises.","In today's news, let's talk about Friedrich Merz, Germany's latest contender for the Chancellor position! Did you know that Merz is not a newcomer to German politics? He was previously a leader in the Christian Democratic Union party.
Merz, a corporate lawyer by trade, is praised by his supporters for his strategic thinking and deep understanding of economic issues. However, critics argue that he lacks foresight and has a history of broken promises.
So, what does this mean? Well, Merz's candidacy represents a shift in Germany's political landscape, with the newcomer Olaf Scholz being ousted as the favored candidate. This change could have significant implications for Germany's future, particularly on economic policy and international relations.
Stay tuned for more updates as this story unfolds! Remember to like, share, and subscribe for more engaging news explanations. Let's continue this journey together!",Completed,Unveiling Germany's New Chancellor Contender: Friedrich Merz!,"Delve into the latest German politics with us as we discuss Friedrich Merz, a seasoned politician and corporate lawyer vying for the Chancellor position. Will his strategic thinking and economic prowess win over voters? Or will his past criticisms haunt his campaign? Stay tuned to find out more! What does this mean for Germany's future policy shifts?","friedrich merz, germany chancellor, politics, christian democratic union, olaf scholz, economic policy, international relations, german politics, news updates, political landscape, candidacy implications.",stories/metadata\metadata_0.txt,Completed,audio/narrations\story_0.wav,completed
1,"Chaos at hearing for Ohio father accused of fatally striking deputy with car after son killed by police

An Ohio father who fatally struck a deputy with his car after his son was shot and killed by police was denied bond during a chaotic hearing on Tuesday.","Ô∏è Hey there, folks! Today we're diving into the Ohio news where an emotional and dramatic scene unfolded at a court hearing.
An Ohio father, grieving over the loss of his son who was shot by police, took drastic action. He allegedly struck a deputy with his car during a chaotic incident. This father is now facing serious charges for this act.
But here's what you might not know: this tragedy has brought a deeper conversation about police brutality and the impact it can have on families. Did you know that such incidents often leave deep emotional scars that can lead to extreme actions like this one?
This story serves as a stark reminder of the complexities surrounding law enforcement actions and their aftermaths. So, let's stay informed, folks! If you found this video valuable, be sure to hit that like button, share it with friends, and subscribe for more news explained just like this one!",Completed,"""Ohio Court Drama: Grieving Father Charged After Chaotic Incident""","""Unravel the emotional drama unfolding in an Ohio courtroom where a grieving father faces serious charges after a chaotic incident. Discover how this tragedy sparks a conversation about police brutality and its impact on families. Could extreme actions like these be a result of deep emotional scars left by such incidents? Stay informed with us!""","ohio, court, drama, father, grieving, loss, son, shot, police, deputy, incident, charges, police brutality, families, emotional scar, extreme action, law enforcement, actions, aftermaths, news explained",stories/metadata\metadata_1.txt,Completed,audio/narrations\story_1.wav,completed
2,"Key GOP senator won't support Trump loyalist Ed Martin to be D.C.'s top prosecutor

Republican Sen. Thom Tillis of North Carolina's decision likely derails Martin's nomination as U.S. attorney for the District of Columbia.","Did you know about the recent development in the nomination process for the U.S. Attorney for the District of Columbia? Republican Senator Thom Tillis of North Carolina has announced his decision not to support Trump loyalist Ed Martin for this position. This move could potentially derail Martin's nomination.
So, what does this mean? Well, it's a significant shift in the political landscape, as Martin was a close ally of former President Donald Trump. His withdrawal or rejection from the role could indicate a more bipartisan approach to key positions within the government.
Stay tuned for more updates on this story and other important news. Remember to like, share, and subscribe for more insights!",Completed,Latest Breaking News: Shift in U.S. Attorney Nomination for DC District - What Does This Mean?,"Uncover the recent development in the nomination process for the U.S. Attorney for the District of Columbia! Republican Senator Thom Tillis of North Carolina has decided not to support Trump loyalist Ed Martin. Find out what this means for the political landscape and potential implications on key positions within the government. Stay tuned for more updates, don't forget to like, share, and subscribe!","us attorney, dc district, nomination process, republican senator, thom tillis, north carolina, trump loyalist, ed martin, political landscape, bipartisan approach, government positions, breaking news, current affairs, politics, u.s. politics, donald trump, legal updates, justice department",stories/metadata\metadata_2.txt,Completed,audio/narrations\story_2.wav,completed
3,"Trump U.S. attorney nomination of Ed Martin faces Senate hurdle

Ed Martin's advocacy for Trump supporters who rioted at the the U.S. Capitol on Jan. 6, 2021, could doom his chances of being U.S. Attorney in Washington, D.C.","Did you know that Donald Trump has nominated Ed Martin to become the U.S. Attorney in Washington D.C.? But did you also know that this nomination faces a significant hurdle in the Senate?
Ed Martin is a well-known supporter of former President Trump and was involved in advocating for those who rioted at the U.S. Capitol on January 6, 2021. This support has raised concerns among senators about his impartiality to enforce the law fairly if confirmed as U.S. Attorney.
The role of a U.S. Attorney is crucial in upholding justice and ensuring that our laws are enforced evenly and without bias. So, what does this mean for Ed Martin's nomination? It means that the Senate has to weigh his support for Trump supporters who rioted at the Capitol against his ability to serve as an impartial U.S. Attorney.
If you found this explanation helpful, be sure to like, share and subscribe to our channel! Stay informed about the latest news and updates by following us now. Let's keep learning together!",Completed,Trump's Controversial Nominee for U.S. Attorney in DC: What Happens Next?,"Learn about Ed Martin's nomination to become the U.S. Attorney in Washington D.C., and why it faces opposition in the Senate. Will his ties to former President Trump hinder his ability to uphold justice as an impartial U.S. Attorney? Find out in this informative video, and don't forget to subscribe for more news updates!","donald trump, ed martin, us attorney, washington dc, senate confirmation, riots, capital, january 6th, impartiality, justice department, politics, news, current events, legal system, government, trump supporters",stories/metadata\metadata_3.txt,Completed,audio/narrations\story_3.wav,completed
4,"‚ÄòGTA 6‚Äô Surprise Drops Trailer 2 With Sex, Lies And Vice City

This is not a drill, Rockstar has dropped GTA 6 trailer 2 a week after announcing that the game would be delayed until 2026.","Here's your YouTube Shorts script:
""Attention gamers! Did you know that Rockstar Games has just released Trailer 2 for GTA 6? That's right, a surprise drop, only a week after announcing the game's delay until 2026. But what does this mean for us? Well, we now have a glimpse into the world of Vice City and the storyline of this highly anticipated game.
The trailer showcases a gritty cityscape filled with sex, lies, and, of course, vice. It's clear that Rockstar is delivering on its promise to create an immersive and realistic gaming experience. This trailer drop not only raises excitement among fans but also gives us a hint about the game's direction.
So, what now? Like this video, share it with your friends who are also excited about GTA 6, and don't forget to subscribe for more gaming news! Let's stay tuned together as we await the release of one of the most anticipated games in history!""",Completed,GTA 6 Trailer 2 Revealed: A Peek into Vice City Storyline!,"Get ready gamers! Rockstar Games has just dropped Trailer 2 for GTA 6, a week after announcing the game's delay until 2026. The gritty cityscape filled with sex, lies, and vice has us buzzing with excitement. What does this mean for us? Find out in our latest video and stay tuned as we await the release of one of the most anticipated games in history!","gta6, rockstargames, grandtheftauto, trailer2, vicecity, gameupdate, gamingnews, gamer, anticipation, immersiveexperience, storyline, 2026release, grittystory, sexliesandvice",stories/metadata\metadata_4.txt,Completed,audio/narrations\story_4.wav,completed
5,"These are the US cardinals who will vote for the next pope

The United States is home to 10 of the 133 cardinals eligible to vote for the next pope. That's more than any other nation except Italy, home to 17 of the electors who will gather at the Vatican‚Äôs Sistine Chapel on Wednesday for the conclave that will choose a successor to Pope Francis.","Here's some fascinating news: Did you know that the United States is home to no less than ten cardinals eligible to vote for the next pope? That's more than any other nation, with Italy following closely with 17 electors. This is quite significant because these electors will gather at the Vatican‚Äôs iconic Sistine Chapel on Wednesday to elect a successor to Pope Francis in the conclave. So, who are these US cardinals? They include figures like Cardinal Blase Cupich of Chicago, Cardinal Joseph Tobin of Newark, and Cardinal Kevin Farrell, who oversees the Vatican‚Äôs office for laity, family, and life duties. This news is a testament to the global influence of the Catholic Church and the diverse backgrounds of its leaders. So, don't forget to like, share, and subscribe to stay updated on this historic event!",Completed,US Leads Pope Election with Ten Cardinals: Who are They?,"Discover the surprise leader in the upcoming papal election! The United States has ten cardinals eligible to vote for the next pope, more than any other nation. Join us as we profile these influential figures including Cardinal Blase Cupich of Chicago and Cardinal Joseph Tobin of Newark. Who will be the successor to Pope Francis in the Sistine Chapel's historic conclave? Stay tuned for updates on this global event!","pope election, catholic church, us cardinals, pope francis, vatican, conclave, cardinal cupich, cardinal tobin, cardinal farrell, catholic news, religious leaders, christianity, papal transition, faith, religion, church history, spirituality",stories/metadata\metadata_5.txt,Completed,audio/narrations\story_5.wav,completed
6,"Superman, Jurassic World Rebirth May Set Box Office Record Post-Covid

After a rough start to the year, summer movies like Superman, Fantastic Four and Jurassic World Rebirth hope to revitalize the box office.","Did you know that the summer movie season might break post-COVID box office records with the release of some highly anticipated films? Titles like Superman, Fantastic Four, and Jurassic World Rebirth are leading the charge!
Superman, a reboot of the classic DC Comics series, is one of these eagerly awaited flicks. With a brand-new cast and an exciting storyline, this movie promises to deliver on all fronts. Meanwhile, the Fantastic Four reunion could potentially reignite interest in Marvel's first family of superheroes.
But what about Jurassic World Rebirth? This dinosaur-filled adventure is set to be a game-changer, as it may become the highest-grossing film post-pandemic! Fans have been eagerly awaiting this sequel, and its release could signal the full return of cinema magic.
If you're excited about these movies, don't forget to like, share, and subscribe for more updates on your favorite films! Let's make movie history together!",Completed,"Breaking Box Office Records: Superman, Fantastic Four, and Jurassic World Rebirth! üé•‚ö°Ô∏èü¶ñ","Discover how the summer movie season is set to break post-COVID box office records with the release of some highly anticipated films like Superman, Fantastic Four, and Jurassic World Rebirth! Will these reboots and sequels reignite our love for cinema magic? Let's find out! üçø‚òÅÔ∏èüî•","summer movie season, box office records, post-COVID, superman, fantastic four, jurassic world rebirth, DC comics, Marvel, first family of superheroes, dinosaur-filled adventure, cinema magic, movie history, upcoming movies",stories/metadata\metadata_6.txt,Completed,audio/narrations\story_6.wav,completed
7,"Pregnant Rihanna and A$AP Rocky Lead Star-Studded Met Gala After-Party

Rihanna and A$AP Rocky were the life of their MET Gala after-party Monday night with a bevy of other A-listers showing up to have fun and to see the main attraction -- RiRi's new bun in the oven!","Did you know that Rihanna and A$AP Rocky co-hosted a star-studded Met Gala after-party? This wasn't just any event, it was a chance for the world to catch a glimpse of Rihanna's pregnancy!
The couple, expecting their first child together, were the center of attention. Surrounding them were some of Hollywood's biggest names. From Kim Kardashian and Kanye West, to Megan Thee Stallion and Blake Lively, it was truly a night to remember.
This event was significant as it marked a new chapter in Rihanna's life, and gave us a peek into her personal journey. So, if you missed it, don't forget to like, share, and subscribe for more updates on your favorite celebrities! Let's stay connected and make every day a star-studded event!",Completed,Rihanna & A$AP Rocky at Star-Studded Met Gala After-Party: Catch a Glance of Her Pregnancy!,"Were you curious about the secretive Met Gala after-party hosted by Rihanna and A$AP Rocky? With celebrities like Kim Kardashian, Megan Thee Stallion, and Blake Lively in attendance, this event gave us a sneak peek into Rihanna's pregnancy journey. Don't miss out on this exclusive star-studded moment! Who knows what surprises are in store for Rihanna next?","rihanna, asap rocky, met gala, after-party, celebrities, kim kardashian, kanye west, megan thee stallion, blake lively, pregnancy, star-studded event, personal journey",stories/metadata\metadata_7.txt,Completed,audio/narrations\story_7.wav,completed
8,"Sudan‚Äôs wartime capital hit by drone attacks for first time

Assault on army-held Port Sudan heralds dangerous escalation in two-year civil war","In today's news, we're looking at a significant development in Sudan. Did you know that for the first time ever, Port Sudan - the wartime capital of the country - has been hit by drone attacks? This attack on an army-held city signals a worrying escalation in the two-year-long civil war.
The conflict between the Sudanese military and a powerful paramilitary group, the Rapid Support Forces , has been ongoing since October 2021. The use of drone attacks marks a new level of intensity in this already devastating conflict.
So why does this matter? Well, these drone attacks pose a serious threat to civilian safety and could potentially destabilize the region even further. It's crucial to stay informed about such developments as they unfold.
Remember to like, share, and subscribe for more updates on global news events! Stay tuned as we continue to bring you insights into the world around us.",Completed,Port Sudan Hit by Drone Attacks: Escalation in Civil War | Latest Global News,"Unprecedented drone attacks hit Port Sudan, an army-held city, signaling a worrying escalation in the two-year-long civil war between Sudanese military and Rapid Support Forces. Learn why this matters for civilian safety and regional stability in our latest video. Stay informed on global news events - subscribe now!","port sudan, drone attacks, civil war, sudanese military, rapid support forces, global news, civil unrest, region instability, world news, sudan crisis, military conflict, civilian safety, regional development",stories/metadata\metadata_8.txt,Completed,audio/narrations\story_8.wav,completed
9,"UK and India strike a trade deal amid U.S.-led tariff tensions

The deal will see India gradually lower import taxes, with the vast majority of goods traded becoming ""fully tariff-free within a decade.""","Here's a YouTube Shorts script on the recent UK-India trade deal amid U.S.-led tariff tensions:
""Did you know? The UK and India have just struck a groundbreaking trade deal! This historic agreement means that India will gradually lower import taxes, with most goods traded between the two nations becoming fully tariff-free within a decade.
So, what does this mean for us? Well, it's great news because tariffs are essentially taxes on imports. By removing them, we can expect to see more affordable goods from India in the UK, benefiting consumers like you and me!
But here's the kicker: This deal is happening amid increasing U.S.-led tariff tensions. Countries forming their own trade alliances like this one could signal a shift in global economic dynamics. It's an interesting time to watch how these developments unfold!
Remember, if you enjoyed this video, don't forget to Like, Share, and Subscribe for more insights on current events! Stay tuned for our next video, where we'll delve deeper into the implications of this UK-India trade deal. See you there!""",Completed,UK-India Trade Deal: Unpacking Its Impact Amid U.S.-Led Tariff Tensions!,"Discover the latest on global trade dynamics! The UK and India have just agreed on a groundbreaking tariff-free deal within a decade. But what does this mean for us? Find out more in our YouTube Shorts video, and stay tuned for insights on its implications. What do you think about this shift in global economic dynamics? Let us know in the comments!","ukindia trade deal, tariff tensions, global economy, trade alliance, uk news, india news, us tariffs, economic dynamics, world trade, consumer goods, import taxes, international relations",stories/metadata\metadata_9.txt,Completed,audio/narrations\story_9.wav,completed
