ID,Prompt,StoryText,StoryStatus,Title,Description,Tags,MetadataPath,MetadataStatus,AudioPath,AudioStatus,SubtitlePath,SubtitleStatus,VideoStatus,VideoPath,UploadStatus,YouTubeVideoID,YouTubeVideoUrl
0,,"Did you know who Friedrich Merz is? Germany's latest political shakeup has brought this seasoned politician into the spotlight as the new potential Chancellor.
Friedrich Merz, a former corporate lawyer, steps into the fray with a background in both business and politics. He's known for his deep knowledge of economics and is considered thoughtful by supporters. However, critics argue that he lacks strategic vision and has a history of breaking promises.
So, what does this mean for Germany? With Merz potentially leading the country, we could see a shift in economic policy, as he's long been an advocate for lower taxes and deregulation. This move could drive growth but may also widen income inequality.
Stay informed by following our channel for updates on this developing story. Like, share, and subscribe to keep up with the latest news!",pending,Meet Friedrich Merz: Germany's New Potential Chancellor - What's Next?,"Who is Friedrich Merz and what does his potential leadership mean for Germany? Delve into the life of this seasoned politician, corporate lawyer, and economist. With deep knowledge in business and politics, Merz has garnered both support and criticism. Follow our channel to stay informed on this developing story and find out if a shift in economic policy is on the horizon!","friedrich merz, germany, chancellor, politics, business, economics, deregulation, tax, income inequality, news update, german politics, german economy, latest news.",stories/metadata\metadata_0.txt,Completed,audio/narrations\story_0.wav,pending,subtitles/srt\story_0.srt,completed,completed,output/final_videos\video_0.mp4,pending,wmaK3ikd6S8,https://youtu.be/wmaK3ikd6S8
1,,"Did you know about the recent Ohio court hearing? A father, mourning the death of his son at the hands of police, allegedly struck a deputy with his car, causing chaos in court. But here's what it means: The father, who remains unnamed, was denied bond during this tense hearing. His actions followed the tragic shooting of his son by law enforcement officers. This incident underscores the emotional turmoil and confusion that can ensue following a police shooting. The aftermath is complex and can be fueled by grief, anger, and despair. It's crucial to understand these dynamics to foster peace and justice in our communities. So, if you found this explanation insightful, don't forget to like, share, and subscribe for more thought-provoking content! Let's keep the conversation going about what really matters.",pending,Ohio Court Hearing Aftermath: Father's Bond Denied Following Son's Shooting by Police,"Delve into the emotional aftermath of a recent Ohio court hearing where a father, allegedly striking a deputy with his car, was denied bond. This incident followed the tragic shooting of his son by law enforcement officers. Understanding the complex dynamics that fuel grief, anger, and despair is crucial to fostering peace and justice in our communities. What are your thoughts on this controversial case?","ohio court hearing, father's bond denied, police shooting, grief, emotional turmoil, community justice, tragic death, law enforcement officers, court chaos, unnamed father, cop shooting, judicial proceedings, complex aftermath, community peace.",stories/metadata\metadata_1.txt,Completed,audio/narrations\story_1.wav,pending,subtitles/srt\story_1.srt,completed,completed,output/final_videos\video_1.mp4,pending,cWUmMN_fgho,https://youtu.be/cWUmMN_fgho
2,,"""Did you know? Republican Senator Thom Tillis of North Carolina has decided not to support Ed Martin, a Trump loyalist, for the position of D.C.'s top prosecutor. This move could potentially derail Martin's nomination as the U.S. Attorney for the District of Columbia.
So, what does this mean? Well, it indicates a possible divide within the Republican party over who should hold key positions in the government. It also highlights Senator Tillis' independent stance, showing he may not always align with the former President's choices.
Stay informed and don't forget to like, share, and subscribe for more updates on this story and others!",pending,Senator Thom Tillis Backs Away from Trump's Pick for D.C.'s Top Prosecutor - What Does This Mean?,"Republican Senator Thom Tillis of North Carolina has decided against supporting Ed Martin, a loyalist of former President Donald Trump, for the position of D.C.'s top prosecutor. This move could potentially derail Martin's nomination as the U.S. Attorney for the District of Columbia. What does this indicate? Is there a divide within the Republican party over key government positions? Or is Senator Tillis showing an independent stance, contradicting the choices of the former President? Stay tuned for more updates!","senator thom tillis, republican party, trump loyalist, ed martin, us attorney, district of columbia, government positions, divide within party, independent stance, former president donald trump, political news",stories/metadata\metadata_2.txt,Completed,audio/narrations\story_2.wav,pending,subtitles/srt\story_2.srt,completed,completed,output/final_videos\video_2.mp4,pending,AcyvSZ3slNU,https://youtu.be/AcyvSZ3slNU
3,,"What's the latest news? The nomination of Ed Martin to be the U.S. Attorney in Washington, D.C. is facing a significant challenge in the Senate.
But why does it matter? Well, did you know that Ed Martin was an advocate for Trump supporters who participated in the riot at the U.S. Capitol on January 6th, 2021? This association could potentially derail his nomination, as many senators are wary of individuals with ties to the events of that day.
Stay informed and engaged by liking, sharing, and subscribing to our channel for more updates on this developing story!",pending,U.S. Attorney Nominee Ed Martin Faces Senate Challenge: Why?,"Ed Martin's nomination as U.S. Attorney in Washington, D.C. is under fire. Learn why his past ties to January 6th Capitol riot could impact his confirmation. Don't forget to subscribe for more updates on this breaking story!","ed martin, us attorney, washington dc, senate challenge, january 6th, capitol riot, trump supporters, political news, nomination controversy, u.s. politics, current events, developing story",stories/metadata\metadata_3.txt,Completed,audio/narrations\story_3.wav,pending,subtitles/srt\story_3.srt,completed,completed,output/final_videos\video_3.mp4,"failed: YouTube API error: <HttpError 400 when requesting None returned ""The request metadata specifies an invalid or empty video title."". Details: ""[{'message': 'The request metadata specifies an invalid or empty video title.', 'domain': 'youtube.video', 'reason': 'invalidTitle', 'location': 'body.snippet.title', 'locationType': 'other'}]"">",,
4,,"In this quick breakdown, let's dive into the surprise reveal of GTA 6 Trailer 2! Did you know that Rockstar Games recently unveiled the second teaser for the highly anticipated GTA 6, just a week after announcing its delay to 2026? That's right; we're one step closer to stepping into the world of Vice City once more. The new trailer offers a glimpse of sex, lies, and even more of Vice City than we've seen before. Exciting times ahead for Grand Theft Auto fans! So, don't forget to like, share, and subscribe for more updates on this thrilling development in the gaming world!",pending,GTA 6 Trailer 2 Unveiled: A Sneak Peek into Vice City!,"Rockstar Games just dropped the second teaser for GTA 6, and we're diving deep into this tantalizing trailer! Did you know about the surprise reveal of the GTA 6 Trailer 2, a week after its delay to 2026? This new trailer offers glimpses of sex, lies, and more Vice City than ever before. Don't miss out on our exclusive analysis; will we finally step into Vice City again?","gta6, gta6trailer, rockstargames, vicecity, grandtheftauto, trailer2, gamingnews, upcominggames, 2026release, sexlies, teaser, anticipation, updates, gamingworld",stories/metadata\metadata_4.txt,Completed,audio/narrations\story_4.wav,pending,subtitles/srt\story_4.srt,completed,completed,output/final_videos\video_4.mp4,pending,YNtTazXGJiU,https://youtu.be/YNtTazXGJiU
5,,"Did you know that these are the U.S. cardinals who will help elect the next pope? With ten eligible voters, America has the second-highest number of electors, behind Italy's 17. On March 12th, these cardinals will gather in the VaticanÃ¢â‚¬â„¢s Sistine Chapel for the conclave to pick Pope Francis' successor.
This event is significant because the pope holds immense spiritual and political power within the Catholic Church, influencing beliefs and actions of over a billion people worldwide. So, who are these American electors? They include Cardinal Blase Cupich, Archbishop of Chicago, and Cardinal Joseph Tobin, Archbishop of Newark, among others.
Stay tuned for more updates on this historic event. Don't forget to like, share, and subscribe to stay informed!",pending,Who are the U.S. cardinals electing the next pope? Find out in our video,"Discover the ten American cardinals who will help choose the successor of Pope Francis. With over a billion people worldwide influenced by the pope's decisions, this historic event is more significant than ever. Who are these influential electors? Tune in to find out! #uscardinals #vaticancounclave #nextpope #catholicchurch","uscardinals, vaticancounclave, nextpope, catholicchurch, popefrancis, successor, americacelectors, cardinalblasecupich, archbishopchicago, cardinaljoostobin, archbishopnewark",stories/metadata\metadata_5.txt,Completed,audio/narrations\story_5.wav,pending,subtitles/srt\story_5.srt,completed,completed,output/final_videos\video_5.mp4,pending,BEDunbIqk2M,https://youtu.be/BEDunbIqk2M
6,,"Did you know? The upcoming blockbusters, Superman, Fantastic Four, and Jurassic World: Rebirth are set to make history post-Covid!
As theaters reopen, these films aim to break records at the box office, offering a much-needed boost after a challenging year.
Superman returns with a fresh take on the iconic superhero, Fantastic Four brings Marvel's first family to life, and Jurassic World: Rebirth promises dinosaur action like never before!
Stay tuned for trailers, behind-the-scenes footage, and exclusive interviews as we bring you all the latest updates on these exciting releases!
Like, share, and subscribe to stay in the know about these amazing movies and more!",pending,"Post-Covid Cinema History: Superman, Fantastic Four, Jurassic World Rebirth Releases!","Discover the biggest blockbusters of 2021! Learn how Superman, Fantastic Four, and Jurassic World: Rebirth are poised to break records in our post-Covid world. From fresh takes on iconic superheroes to Marvel's first family, plus dinosaur action like never before - stay tuned for exclusive trailers, behind-the-scenes footage, and interviews! Will these movies reignite the magic of cinema? Comment below and subscribe for all the latest updates!","superman, fantasticfour, jurassicworld, blockbusters, postcovid, boxoffice, trailers, behindthescenes, exclusiveinterviews, cinema, films, movies, updates, releases, theaters, records, Marvel, dinosaurs, action",stories/metadata\metadata_6.txt,Completed,audio/narrations\story_6.wav,pending,subtitles/srt\story_6.srt,completed,completed,output/final_videos\video_6.mp4,pending,2jxIlpPfz6o,https://youtu.be/2jxIlpPfz6o
7,,"Did you know that the Met Gala is not just a star-studded event, but also a significant moment in fashion history? This year, Rihanna and A$AP Rocky hosted an after-party that was the talk of the town. But here's what really made headlines - Rihanna, who is expecting her first child, was the main attraction.
Rihanna, pregnant and glowing, graced the event with her presence, turning heads in a stunning Maison Margiela gown. The couple has always been fashion icons, but this appearance took their status to a new level. So, why does this matter? It's simple - Rihanna and A$AP Rocky are not just representing themselves, but also the future generation they're welcoming into the world.
They say fashion is a form of self-expression, and Rihanna has always been a trailblazer in that regard. Now, she's doing it as a mom-to-be, showing us all that style and pregnancy can go hand in hand. So, if you loved this glimpse into the world of fashion and motherhood, don't forget to like, share, and subscribe for more insights!",pending,Rihanna's Maternity Style: A Statement at the Met Gala - Watch Now!,"Discover how Rihanna and A$AP Rocky's presence at the Met Gala, with Rihanna's stunning pregnancy fashion, is reshaping the future of style. Don't miss this insightful look into fashion, motherhood, and their impact on the industry!","rihanna, asap rocky, met gala, maternity fashion, pregnant celebrities, fashion history, mom-to-be, style inspiration, red carpet, fashion news, celebrity pregnancy, Maison Margiela, Rihanna's outfit, A$AP Rocky's style",stories/metadata\metadata_7.txt,Completed,audio/narrations\story_7.wav,pending,subtitles/srt\story_7.srt,completed,completed,output/final_videos\video_7.mp4,pending,GtkgzrA6m9E,https://youtu.be/GtkgzrA6m9E
8,,"Attention all! Today we're diving into a breaking news story. Did you know that Port Sudan, Sudan's wartime capital, has been hit by drone attacks for the first time? This marks a significant escalation in the two-year-long civil war.
Drone strikes on strategic military locations are not a common occurrence in Sudan, making this incident a cause for concern. The attack on Port Sudan's army-held areas raises questions about the intensity and direction this conflict may take.
Why does it matter? Such escalations can lead to more violence, displacement of civilians, and destabilization of the region. As global citizens, it's crucial we stay informed about such developments.
So, don't forget to like, share, and subscribe for more updates on this evolving story. Let's keep the conversation going!",pending,First Drone Attacks in Port Sudan: A Significant Escalation in the Civil War?,"Unravel the breaking news story about drone attacks in Port Sudan, Sudan's wartime capital. With strategic military locations targeted, this incident raises questions about the escalating civil war. Why does it matter? Stay informed to understand potential impacts on civilians and regional stability. ðŸš€ðŸ’¬","port sudan, sudan, civil war, drone attacks, breaking news, military conflict, strategic locations, wartime capital, regional stability, africa, sudan news, sudan crisis, international news",stories/metadata\metadata_8.txt,Completed,audio/narrations\story_8.wav,pending,subtitles/srt\story_8.srt,completed,completed,output/final_videos\video_8.mp4,pending,Tthf1xhRJnU,https://youtu.be/Tthf1xhRJnU
9,,"Did you know? The UK and India have struck a significant trade deal amid ongoing U.S.-led tariff tensions. This agreement marks a monumental step towards strengthening economic ties between the two nations.
In this historic deal, India will gradually lower import taxes, aiming for most goods to be fully tariff-free within a decade. What does this mean? It means easier access for UK businesses to sell their products in India, potentially boosting British exports and stimulating growth.
But why does it matter? This deal could serve as a strategic move for both countries, offering an alternative trading market amid escalating tariff disputes with the U.S. A stronger economic relationship between the UK and India could lead to increased job opportunities, technology sharing, and cultural exchange.
So, what's next? Stay tuned for more updates on this developing story. Don't forget to like, share, and subscribe to stay informed!",pending,Historic UK-India Trade Deal Amid US Tariff Tensions: What Does It Mean?,"Discover the implications of the significant trade agreement between the UK and India amid escalating U.S.-led tariff disputes. Will it boost British exports, stimulate growth, and open up new job opportunities? Stay tuned for more updates on this developing story! Keywords: uk, india, trade deal, tariff tensions, economic ties, british exports, job opportunities","uk, india, trade, deal, tariff, tension, us, economy, boost, growth, jobs, opportunities, business, exports, cultural exchange, technology, sharing, news, updates, development",stories/metadata\metadata_9.txt,Completed,audio/narrations\story_9.wav,pending,subtitles/srt\story_9.srt,completed,completed,output/final_videos\video_9.mp4,pending,ZmFrOjSACkQ,https://youtu.be/ZmFrOjSACkQ
